domain,chord_IP,chord_time,reg_IP,reg_time,eq,code,url
cityofithaca.org,208.90.189.82,1109,208.90.189.82,308.902894,1,200,https://cityofithaca.org
millercenter.org,52.87.65.167,1086,52.87.65.167,316.346635,1,200,https://millercenter.org
translink.ca,13.71.170.128,1625,13.71.170.128,104.84741,1,200,https://translink.ca
thehomeedit.com,23.227.38.65,1228,23.227.38.65,121.6382,1,200,https://thehomeedit.com
9086852.fls.doubleclick.net,142.250.186.70,1099,142.250.70.38,68.419359,0,404,https://9086852.fls.doubleclick.net
cf.ac.uk,43.245.41.26,1121,43.245.41.26,319.142929,1,200,https://cf.ac.uk
trentrichardson.com,207.244.116.232,3387,207.244.116.232,317.144347,1,200,https://trentrichardson.com
cakecentral.com,104.21.38.205,1172,172.67.138.83,71.058284,0,200,https://cakecentral.com
nationalgallery.ie,34.241.191.143,1213,34.241.191.143,74.058919,1,200,https://nationalgallery.ie
spicenews.com.au,192.0.66.80,1083,192.0.66.80,31.626884,1,200,https://spicenews.com.au
nutella.com,54.76.9.40,1093,54.217.72.147,9.735468,0,200,https://nutella.com
wvu.edu,75.2.40.207,1083,75.2.40.207,216.097005,1,200,https://wvu.edu
context.reverso.net,51.254.91.152,1088,51.254.91.152,75.061286,1,403,https://context.reverso.net
notcoming.com,68.178.246.5,1224,68.178.246.5,179.677884,1,200,https://notcoming.com
storycollider.org,198.185.159.145,1183,198.185.159.144,191.522114,0,200,https://storycollider.org
herbsutter.com,192.0.78.24,2766,192.0.78.25,61.692513,0,200,https://herbsutter.com
barbadoshappyhours.com,198.54.114.202,1107,198.54.114.202,77.918613,1,200,https://barbadoshappyhours.com
www2.mmu.ac.uk,54.216.214.82,1103,34.253.116.209,253.837674,0,403,https://www2.mmu.ac.uk
juniperresearch.com,192.124.249.169,419,192.124.249.169,219.908026,1,403,https://juniperresearch.com
delphix.com,147.75.40.150,1112,147.75.40.150,5.230842,1,200,https://delphix.com
coasttocoastam.com,151.101.130.193,1099,151.101.194.193,101.640403,0,200,https://coasttocoastam.com
navy.com,104.26.2.105_104.26.3.105_172.67.68.79_,1095,172.67.68.79,9.288014,1,403,https://navy.com
videogameschronicle.com,104.26.12.209_104.26.13.209_172.67.71.82_,1196,104.26.12.209,98.727133,1,200,https://videogameschronicle.com
jobs.net,54.204.159.80_52.201.45.50_,4013,18.213.235.180,60.680599,0,403,https://jobs.net
poweringpastcoal.org,141.193.213.11,1095,141.193.213.11,207.885279,1,403,https://poweringpastcoal.org
davidrevoy.com,213.186.33.87,1128,213.186.33.87,138.958977,1,200,https://davidrevoy.com
epguides.com,216.239.136.165,3345,216.239.136.165,101.296818,1,200,https://epguides.com
glossgenius.com,13.32.99.54,1231,18.172.64.121,5.483437,0,200,https://glossgenius.com
surveymonkey.de,108.138.26.89,1104,18.172.64.82,64.41724,0,200,https://surveymonkey.de
blogcatalog.com,15.197.148.33_3.33.130.190_,2709,3.33.130.190,159.981747,1,404,https://blogcatalog.com
owl.man.ac.uk,130.88.101.59,1136,130.88.101.59,573.284758,1,200,https://owl.man.ac.uk
hmbana.org,52.5.5.85,1093,52.5.5.85,445.113455,1,200,https://hmbana.org
thewest.com.au,52.222.236.28_52.222.236.114_52.222.236.52_,1083,108.159.80.111,33.524158,0,200,https://thewest.com.au
bosch-presse.de,139.15.251.212,1198,139.15.251.212,96.47919,1,200,https://bosch-presse.de
ednc.org,141.193.213.20,1613,141.193.213.20,129.398716,1,403,https://ednc.org
threads.net,157.240.12.52_157.240.222.63_,3352,163.70.143.63,98.080579,0,200,https://threads.net
de.pons.com,49.12.134.205,4008,49.12.134.205,295.409137,1,200,https://de.pons.com
psycom.net,76.76.21.21,1078,76.76.21.21,64.90457,1,200,https://psycom.net
google.by,142.250.185.228,1101,142.250.183.68,59.342369,0,200,https://google.by
adcell.de,91.236.122.198,1080,91.236.122.198,187.944725,1,200,https://adcell.de
sellfy.com,104.22.52.94_104.22.53.94_172.67.31.49_,3978,172.67.31.49,67.320997,1,200,https://sellfy.com
oneblood.org,151.101.131.10,1068,151.101.195.10,63.808472,0,200,https://oneblood.org
aboutyou.de,104.18.19.202,2716,104.18.18.202,31.832349,0,200,https://aboutyou.de
ablogtowatch.com,104.21.35.111_172.67.218.229_,2710,172.67.218.229,8.959441,1,200,https://ablogtowatch.com
hairuwear.com,23.185.0.3,1107,23.185.0.3,310.52128,1,200,https://hairuwear.com
goupstate.com,146.75.118.62,1089,199.232.82.62,162.99373,0,200,https://goupstate.com
albacross.com,13.32.99.3_13.32.99.57_,1197,108.159.80.129,5.121739,0,200,https://albacross.com
11573758.fls.doubleclick.net,172.217.18.6_216.58.206.38_,1095,142.250.70.38,58.047671,0,404,https://11573758.fls.doubleclick.net
hg.org,172.66.43.143,1637,172.66.43.143,61.077288,1,403,https://hg.org
signalprocessingsociety.org,23.185.0.4,3387,23.185.0.4,301.761643,1,200,https://signalprocessingsociety.org
olacabs.com,18.245.31.8_18.245.31.127_,1059,108.159.61.100,5.305469,0,200,https://olacabs.com
rainforestcruises.com,104.26.2.79_104.26.3.79_172.67.75.96_,1190,104.26.2.79,102.103166,1,200,https://rainforestcruises.com
sovrn.com,141.193.213.10_141.193.213.11_,1109,141.193.213.11,155.758675,1,403,https://sovrn.com
bbg.org,104.26.7.189,1172,104.26.7.189,97.911925,1,200,https://bbg.org
nationsonline.org,104.26.9.44_172.67.69.226_,2742,104.26.9.44,73.26509,1,403,https://nationsonline.org
9853428.fls.doubleclick.net,172.217.18.6_216.58.206.38_,1104,142.250.70.38,66.194111,0,404,https://9853428.fls.doubleclick.net
plarium.com,104.18.17.253_104.18.14.253_,1113,104.18.14.253,7.766205,1,200,https://plarium.com
evilmadscientist.com,45.56.89.214,2675,45.56.89.214,272.718468,1,200,https://evilmadscientist.com
11364136.fls.doubleclick.net,216.58.206.38_172.217.18.6_,1106,142.250.70.38,57.880272,0,404,https://11364136.fls.doubleclick.net
eurekahedge.com,99.81.153.149,1186,99.81.153.149,185.78631,1,404,https://eurekahedge.com
lenster.xyz,104.21.55.184_172.67.172.30_,1207,172.67.172.30,37.485825,1,200,https://lenster.xyz
special.usps.com,3.161.82.69_3.161.82.96_3.161.82.64_,1111,13.226.2.11,240.445287,0,200,https://special.usps.com
demozoo.org,185.56.187.62,6069,185.56.187.62,231.416614,1,200,https://demozoo.org
srf.ch,89.106.200.1,1194,89.106.200.1,100.718657,1,200,https://srf.ch
wlf.louisiana.gov,18.214.209.94_35.171.222.71_,1106,35.171.222.71,522.761127,1,200,https://wlf.louisiana.gov
i.huffpost.com,151.101.194.114_151.101.66.114_151.101.130.114_,2702,151.101.154.114,101.826445,0,403,https://i.huffpost.com
federalreserve.gov,104.18.33.249,2687,104.18.33.249,5.698857,1,200,https://federalreserve.gov
bmbf.de,80.245.145.10,2469,80.245.145.10,367.438172,1,200,https://bmbf.de
screenshots.firefox.com,44.236.72.93_44.235.246.155_,1125,44.235.246.155,402.77184,1,200,https://screenshots.firefox.com
wpzoom.com,172.66.43.167_172.66.40.89_,1107,172.66.43.167,62.52402,1,200,https://wpzoom.com
rigzone.com,54.85.23.82,1084,3.235.211.70,100.856065,0,403,https://rigzone.com
riverfronttimes.com,172.67.69.6_104.26.3.53_,1210,172.67.69.6,68.709758,1,200,https://riverfronttimes.com
t.qq.com,0.0.0.1,2699,0.0.0.1,245.223373,1,error,
poynton.com,15.235.66.161,1102,15.235.66.161,320.85828,1,200,https://poynton.com
vcstar.com,146.75.114.62,2687,199.232.82.62,99.642721,0,200,https://vcstar.com
zenfolio.com,141.193.213.20,1084,141.193.213.20,173.38169,1,403,https://zenfolio.com
valais-wallis-digital.ch,192.33.221.226,1194,192.33.221.226,134.283422,1,404,https://valais-wallis-digital.ch
videezy.com,104.18.40.253_172.64.147.3_,1209,104.18.40.253,74.540773,1,200,https://videezy.com
burberryplc.com,212.58.42.47,1092,212.58.42.47,86.750716,1,403,https://burberryplc.com
slcairport.com,63.237.77.133,1183,63.237.77.133,230.991663,1,200,https://slcairport.com
forums.mozillazine.org,140.211.9.53,3371,140.211.9.53,508.06679,1,200,https://forums.mozillazine.org
visitcalifornia.com,192.124.249.155,1196,192.124.249.155,5.986908,1,200,https://visitcalifornia.com
photo.net,44.229.49.181_44.233.15.135_,1225,44.229.49.181,99.227439,1,200,https://photo.net
9627369.fls.doubleclick.net,142.250.186.70,1089,142.250.70.38,58.115281,0,404,https://9627369.fls.doubleclick.net
olark.com,34.96.127.16,1087,34.96.127.16,5.602689,1,200,https://olark.com
lapor.go.id,103.170.104.50,1112,103.170.104.50,525.888933,1,error,
digitaldaily.allthingsd.com,18.173.205.60_18.173.205.32_,1102,54.239.216.126,133.35617,0,200,https://digitaldaily.allthingsd.com
hoka.com,146.75.114.132_151.101.78.132_,2223,199.232.22.132,166.951432,0,429,https://hoka.com
hket.com,118.143.30.223,1212,118.143.30.223,65.247569,1,403,https://hket.com
annevankesteren.nl,64.111.127.240,1195,64.111.127.240,298.788536,1,200,https://annevankesteren.nl
8142816.fls.doubleclick.net,172.217.173.102_172.217.173.70_,1624,142.250.70.38,59.068121,0,404,https://8142816.fls.doubleclick.net
joinmastodon.org,151.101.65.91,1091,151.101.193.91,220.531737,0,200,https://joinmastodon.org
internacional.elpais.com,199.232.198.133_199.232.194.133_,2688,146.75.118.133,137.224082,0,200,https://internacional.elpais.com
clean.io,104.18.30.245_104.18.31.245_,2713,104.18.30.245,61.848443,1,200,https://clean.io
cepr.org,104.26.0.149_172.67.68.185_,1184,104.26.1.149,120.667343,0,200,https://cepr.org
idlewords.com,107.181.87.8,1451,107.181.87.8,5.994359,1,200,https://idlewords.com
aspiration.com,35.166.87.20_52.88.11.141_,1210,52.88.11.141,6.439548,1,200,https://aspiration.com
kikkerland.com,23.227.38.65,1088,23.227.38.65,65.295895,1,200,https://kikkerland.com
inpsyde.com,162.55.189.81,1086,162.55.189.81,122.543627,1,200,https://inpsyde.com
youradchoices.ca,198.185.159.144_198.185.159.145_,1113,198.185.159.144,62.48261,1,200,https://youradchoices.ca
oprahmag.com,151.101.64.155_151.101.192.155_151.101.0.155_,1196,151.101.128.155,99.73304,0,200,https://oprahmag.com
stolaf.edu,199.91.183.19,1114,199.91.183.19,272.646905,1,200,https://stolaf.edu
theesa.com,104.21.81.141_172.67.189.161_,1193,172.67.189.161,62.925836,1,403,https://theesa.com
aviationlogbook.eu,54.186.219.25,1614,54.186.219.25,61.007435,1,200,https://aviationlogbook.eu
joe-m02.blogspot.com,142.250.186.65,1102,216.58.203.1,137.67788,0,200,https://joe-m02.blogspot.com
pyronaur.com,76.76.21.21,2462,76.76.21.21,68.600729,1,200,https://pyronaur.com
uscourts.gov,23.67.138.253,1180,104.120.69.108,39.4921,0,200,https://uscourts.gov
aaa.si.edu,160.111.244.150,425,160.111.244.150,341.554131,1,200,https://aaa.si.edu
10329013.fls.doubleclick.net,216.58.206.38,1047,142.250.70.38,58.119208,0,404,https://10329013.fls.doubleclick.net
judu.lt,104.26.13.231_104.26.12.231_,2450,172.67.72.32,157.140782,0,403,https://judu.lt
thebash.com,54.172.164.234,1449,34.199.164.19,130.530099,0,403,https://thebash.com
stylemepretty.com,50.19.87.80,2722,50.19.87.80,66.578272,1,200,https://stylemepretty.com
nflpa.com,40.70.147.7,1068,40.70.147.7,10.153763,1,200,https://nflpa.com
madisonavenuecouture.com,23.227.38.32,1082,23.227.38.32,119.934303,1,200,https://madisonavenuecouture.com
walksofitaly.com,104.26.7.219,1113,104.26.7.219,71.846943,1,200,https://walksofitaly.com
nonno.hpplus.jp,54.178.0.159_18.182.251.151_,2467,52.199.155.98,23.210844,0,200,https://nonno.hpplus.jp
9215186.fls.doubleclick.net,172.217.25.166_142.250.207.102_,2702,142.250.70.38,63.827935,0,404,https://9215186.fls.doubleclick.net
stlamerican.com,192.104.182.109_192.104.182.209_,2481,192.104.182.109,248.932315,1,200,https://stlamerican.com
9914006.fls.doubleclick.net,172.217.25.166,2665,142.250.70.38,63.090876,0,404,https://9914006.fls.doubleclick.net
andreszsogon.com,188.114.97.3,1075,172.67.137.12,63.756363,0,200,https://andreszsogon.com
kgw.com,54.68.182.72,1100,34.213.106.51,7.515755,0,200,https://kgw.com
8239368.fls.doubleclick.net,172.217.18.6_216.58.206.38_,1101,142.250.70.38,64.195144,0,404,https://8239368.fls.doubleclick.net
group.kadokawa.co.jp,183.177.42.142,1106,183.177.42.142,436.312135,1,200,https://group.kadokawa.co.jp
vanbanphapluat.co,172.67.196.84,3993,104.21.44.60,26.116488,0,200,https://vanbanphapluat.co
pages.cs.wisc.edu,128.105.7.9,2699,128.105.7.9,525.093313,1,200,https://pages.cs.wisc.edu
alljapantours.com,34.160.81.203_34.149.120.3_35.244.153.44_,3968,35.190.31.54,173.836262,0,200,https://alljapantours.com
blog.dropbox.com,18.67.145.110_18.67.145.46_,3331,18.67.195.111,4.77388,0,200,https://blog.dropbox.com
newcriterion.com,188.114.96.3_188.114.97.3_,1097,172.67.208.58,100.354372,0,200,https://newcriterion.com
spl.org,156.74.248.70,1202,156.74.248.70,280.662281,1,200,https://spl.org
poloniex.com,104.17.97.83_104.17.101.83_104.17.99.83_,3388,104.17.98.83,2.635667,0,200,https://poloniex.com
nykaa.com,143.204.215.116_143.204.215.13_143.204.215.4_,1103,108.158.46.40,4.721872,0,403,https://nykaa.com
reseau-canope.fr,194.254.145.8,1204,194.254.145.8,242.313546,1,200,https://reseau-canope.fr
electproject.org,66.96.149.32,4014,66.96.149.32,310.900722,1,200,https://electproject.org
ctmirror.org,192.0.78.146,1077,192.0.78.196,126.703084,0,200,https://ctmirror.org
en.wikipedia.com,185.15.59.226,1188,103.102.166.226,624.317166,0,200,https://en.wikipedia.com
mightynetworks.com,162.159.128.53,1097,162.159.128.53,100.170182,1,403,https://mightynetworks.com
podomatic.com,104.22.27.171_104.22.26.171_172.67.20.50_,1099,104.22.26.171,5.47544,1,200,https://podomatic.com
artfour.com,176.28.39.8,3989,176.28.39.8,155.130615,1,200,https://artfour.com
blog.marketo.com,104.18.192.233,2684,104.18.192.233,331.298514,1,error,
stadtentwicklung.berlin.de,141.15.4.17,419,141.15.4.17,124.223374,1,200,https://stadtentwicklung.berlin.de
9698897.fls.doubleclick.net,142.250.185.230,1204,142.250.70.38,135.488959,0,404,https://9698897.fls.doubleclick.net
demandbase.com,141.193.213.11,2703,141.193.213.10,2.927953,0,403,https://demandbase.com
sc.gov,18.245.60.63_18.245.60.38_18.245.60.73_,1090,13.226.2.71,69.263518,0,403,https://sc.gov
mid.ru,194.85.30.210,1107,194.85.30.210,994.899801,1,error,
hauteroute.org,104.18.1.194,1075,104.18.0.194,62.671099,0,403,https://hauteroute.org
11384415.fls.doubleclick.net,172.217.18.6_216.58.206.38_,1090,142.250.70.38,57.621472,0,404,https://11384415.fls.doubleclick.net
phrack.org,194.150.169.131,1201,194.150.169.131,288.988717,1,200,http://phrack.org
glamourbuff.com,3.122.152.250_3.69.213.60_,1108,43.205.161.2,62.622836,0,200,https://glamourbuff.com
jamsadr.com,3.220.214.71_3.220.212.11_,1203,3.219.78.25,129.213048,0,200,https://jamsadr.com
professionalsupport.dolby.com,161.71.146.9_161.71.146.12_,2706,161.71.144.13,92.677432,0,200,https://professionalsupport.dolby.com
tobaccocontrol.bmj.com,104.18.32.115_172.64.155.141_,1198,104.18.32.115,105.862736,1,200,https://tobaccocontrol.bmj.com
antwerpen.be,212.123.20.183,1178,212.123.20.183,185.243928,1,200,https://antwerpen.be
safaribooksonline.com,35.247.101.175,3973,35.247.101.175,188.15565,1,200,https://safaribooksonline.com
on.ft.com,67.199.248.13,1092,67.199.248.12,6.01626,0,200,https://on.ft.com
cser.org,138.68.174.151,4015,138.68.174.151,205.379292,1,400,https://cser.org
detroit.cbslocal.com,146.75.41.188_151.101.41.188_,2699,151.101.61.188,159.315836,0,200,https://detroit.cbslocal.com
dailyiowan.com,104.21.36.76_172.67.190.98_,1222,104.21.36.76,127.120377,1,200,https://dailyiowan.com
world.casio.com,52.222.214.48_52.222.214.9_,1112,18.172.78.74,8.598066,0,200,https://world.casio.com
11265925.fls.doubleclick.net,172.217.18.6_216.58.206.38_,1109,142.250.70.38,60.169865,0,404,https://11265925.fls.doubleclick.net
edmworldmagazine.com,167.99.2.201,1203,167.99.2.201,67.864846,1,200,https://edmworldmagazine.com
bittornado.com,23.237.152.122,1217,23.237.152.122,126.759521,1,200,http://bittornado.com
datacite.org,35.207.156.138,1101,35.207.156.138,125.356291,1,200,https://datacite.org
bueltge.de,85.13.131.105,1077,85.13.131.105,267.299467,1,200,https://bueltge.de
amazon.jp,76.223.74.114_13.248.223.21_,1102,13.248.223.21,140.963927,1,200,https://amazon.jp
dativa.com,103.168.172.37_103.168.172.52_,4017,103.168.172.37,244.567501,1,404,https://dativa.com
meijer.com,204.74.167.99,1102,204.74.167.99,23.729502,1,error,
reviewed.com,52.1.230.221,1196,52.1.230.221,125.092217,1,200,https://reviewed.com
webex.com,144.196.130.69,1070,144.196.130.69,2.285003,1,200,https://webex.com
uiwjs.github.io,185.199.110.153_185.199.111.153_,2738,185.199.110.153,3.472806,1,200,https://uiwjs.github.io
scottaaronson.com,173.254.32.97,1102,173.254.32.97,106.200744,1,406,https://scottaaronson.com
11585009.fls.doubleclick.net,172.217.18.6,1195,142.250.70.38,59.021657,0,404,https://11585009.fls.doubleclick.net
motorbiscuit.com,192.0.66.205,1192,192.0.66.205,2.577448,1,200,https://motorbiscuit.com
securecoding.cert.org,147.72.252.206,1128,147.72.252.206,1183.039967,1,200,https://securecoding.cert.org
kitaboo.com,18.66.112.84,1197,18.239.111.41,100.658471,0,200,https://kitaboo.com
data.gov,18.165.122.48_18.165.122.126_,2697,13.226.2.129,10.892759,0,200,https://data.gov
10779188.fls.doubleclick.net,172.217.25.166_142.250.207.102_,2684,142.250.70.38,133.537718,0,404,https://10779188.fls.doubleclick.net
blackboard.com,20.85.72.68,1627,20.85.72.68,4.663457,1,200,https://blackboard.com
nasw.org,108.160.159.163,1217,108.160.159.163,164.546773,1,200,https://nasw.org
9781933.fls.doubleclick.net,142.251.132.38,3376,142.250.70.38,60.453042,0,404,https://9781933.fls.doubleclick.net
createdby-diane.com,188.114.97.3_188.114.96.3_,1215,172.67.157.243,100.956382,0,200,https://createdby-diane.com
begeek.fr,104.26.0.60,3325,104.26.1.60,7.485179,0,200,https://begeek.fr
visittuscany.com,159.213.236.27,1194,159.213.236.27,8.405701,1,200,https://visittuscany.com
yvr.ca,13.93.220.109,1058,13.93.220.109,225.998904,1,403,https://yvr.ca
pinegrow.com,35.156.224.161,1114,13.251.96.10,208.343765,0,200,https://pinegrow.com
senado.es,23.219.170.38,2686,23.212.254.98,244.928353,0,200,https://senado.es
popsugar.com,18.245.31.39,1127,18.172.78.122,65.490284,0,200,https://popsugar.com
gears.google.com,142.250.181.238,1214,142.250.77.78,60.549075,0,200,https://gears.google.com
tech.gaeatimes.com,158.69.142.50,1201,158.69.142.50,119.917803,1,200,https://tech.gaeatimes.com
forum.abantecart.com,45.56.100.136,1215,45.56.100.136,55.733352,1,200,https://forum.abantecart.com
digitaldjpool.com,40.84.54.203,1086,40.84.54.203,61.911739,1,200,https://digitaldjpool.com
covvos.blogspot.fr,142.250.186.65,1107,216.58.203.1,61.022703,0,404,https://covvos.blogspot.fr
t4t5.github.io,185.199.111.153_185.199.109.153_,1089,185.199.110.153,3.369813,0,404,https://t4t5.github.io
auctollo.com,107.180.56.148,1096,107.180.56.148,58.200897,1,200,https://auctollo.com
red-gate.com,34.250.173.81,1114,34.250.173.81,3.207006,1,200,https://red-gate.com
sunnyday.mit.edu,18.18.34.18,1124,18.18.34.18,121.16626,1,200,http://sunnyday.mit.edu
gtfs.org,159.203.54.19,2722,159.203.54.19,60.791124,1,200,https://gtfs.org
care.org,23.185.0.2,1230,23.185.0.2,194.081583,1,200,https://care.org
4dayweek.com,198.185.159.145_198.49.23.145_,1059,198.185.159.144,64.269795,0,200,https://4dayweek.com
11603645.fls.doubleclick.net,142.250.186.70,1111,142.250.70.38,66.24411,0,404,https://11603645.fls.doubleclick.net
illinoisroute66.org,35.184.22.231,2467,35.184.22.231,180.87376,1,403,https://illinoisroute66.org
bulletphysics.org,216.239.36.21,5564,216.239.38.21,62.227183,0,200,https://bulletphysics.org
vodafone.com.tr,217.31.254.230,3997,217.31.254.230,297.169727,1,200,https://vodafone.com.tr
about.americanexpress.com,162.159.130.11_162.159.129.11_,3374,162.159.130.11,228.228141,1,403,https://about.americanexpress.com
focusireland.ie,192.124.249.189,1220,192.124.249.189,270.240959,1,403,https://focusireland.ie
hcl.harvard.edu,140.247.124.50,1103,140.247.124.50,28.086373,1,error,
rantanps.blogspot.fr,142.250.185.65,1201,216.58.203.1,58.038057,0,200,https://rantanps.blogspot.fr
elupton.com,205.178.189.131,4013,205.178.189.131,378.039149,1,200,http://elupton.com
checkers.com,34.74.228.201,1101,34.74.228.201,116.162308,1,403,https://checkers.com
masterofmalt.com,104.22.38.109_172.67.21.216_,3327,104.22.39.109,101.270131,0,403,https://masterofmalt.com
ringcentral.com,66.81.247.250_66.81.247.6_,1202,66.81.247.6,3.504536,1,200,https://ringcentral.com
lct.org,104.130.6.43,4008,104.130.6.43,322.31996,1,200,https://lct.org
rafflecopter.com,198.58.119.213,2243,198.58.119.213,128.358887,1,200,https://rafflecopter.com
newbooksnetwork.com,45.56.118.65,1082,45.56.118.65,397.518216,1,200,https://newbooksnetwork.com
wordpress.com,192.0.78.9,2648,192.0.78.17,2.610398,0,200,https://wordpress.com
tools.google.com,142.251.129.206_142.251.129.238_,6031,142.250.77.78,4.689414,0,200,https://tools.google.com
highstakesdb.com,54.217.34.182,2200,54.217.34.182,122.604246,1,200,https://highstakesdb.com
collections.ushmm.org,159.63.132.14,4024,159.63.132.14,156.239754,1,200,https://collections.ushmm.org
acko.com,104.18.11.59_104.18.10.59_,1105,104.18.10.59,4.745331,1,200,https://acko.com
glazman.org,173.236.193.188,1129,173.236.193.188,426.324127,1,200,https://glazman.org
sunlightsupply.com,172.67.179.227,1209,172.67.179.227,124.514747,1,403,https://sunlightsupply.com
footdrums.com,149.28.117.180,3377,149.28.117.180,120.99854,1,200,https://footdrums.com
blog.mycology.cornell.edu,34.199.202.106,4068,34.227.238.166,270.560657,0,200,https://blog.mycology.cornell.edu
xakep.ru,178.248.232.27,1110,178.248.232.27,2.52706,1,200,https://xakep.ru
noscript.net,5.249.152.12,1101,5.249.152.12,242.576847,1,200,https://noscript.net
blog.coinbase.com,172.64.152.241_104.18.35.15_,3330,104.18.35.15,5.032037,1,403,https://blog.coinbase.com
newtimes.ru,51.195.103.39,1211,51.195.103.39,162.168527,1,200,https://newtimes.ru
trimble.com,3.33.186.135,2189,15.197.167.90,2.94821,0,200,https://trimble.com
global.com,188.212.35.66,2710,188.212.35.66,180.773439,1,200,https://global.com
machauta.blogspot.fr,142.250.186.65,1102,216.58.203.1,91.86526,0,200,https://machauta.blogspot.fr
fieldmuseum.org,76.76.21.21,1091,76.76.21.21,119.107665,1,200,https://fieldmuseum.org
grastel.blogspot.com,142.250.185.65,1168,216.58.203.1,58.326064,0,404,https://grastel.blogspot.com
loudoun.gov,20.114.211.29,1113,20.114.211.29,82.564146,1,200,https://loudoun.gov
w3c-ccg.github.io,185.199.110.153_185.199.111.153_,440,185.199.110.153,3.373453,1,200,https://w3c-ccg.github.io
breadbutter.io,162.159.134.42,1205,162.159.134.42,127.857924,1,200,https://breadbutter.io
theleagueofmoveabletype.com,76.76.21.98_76.76.21.123_,1068,76.76.21.142,162.079823,0,200,https://theleagueofmoveabletype.com
slotmitosbet32.weebly.com,199.34.228.53,1105,199.34.228.54,4.818996,0,404,https://slotmitosbet32.weebly.com
rmarkdown.rstudio.com,18.139.194.139_52.74.166.77_,2709,13.228.199.255,167.106826,0,200,https://rmarkdown.rstudio.com
chronik-der-mauer.de,212.29.25.162,1092,212.29.25.162,144.987593,1,200,https://chronik-der-mauer.de
rsmcnewdelhi.imd.gov.in,103.215.208.140_null_,1200,103.215.208.140,26.63569,1,200,https://rsmcnewdelhi.imd.gov.in
healthyplace.com,18.66.112.32_18.66.112.34_,1209,18.239.142.52,66.777517,0,200,https://healthyplace.com
cms.law,104.20.186.112,1107,104.20.186.112,24.789671,1,403,https://cms.law
8843239.fls.doubleclick.net,142.250.186.70,1097,142.250.70.38,60.755,0,404,https://8843239.fls.doubleclick.net
phonearena.com,104.22.3.31,4023,104.22.3.31,62.153433,1,200,https://phonearena.com
happify.com,18.205.98.186_54.205.120.30_,1188,18.205.98.186,3.936328,1,200,https://happify.com
gottman.com,141.193.213.20_141.193.213.21_,1119,141.193.213.21,119.229865,1,403,https://gottman.com
teens.lovetoknow.com,18.172.64.17,4017,18.172.64.100,77.572293,0,200,https://teens.lovetoknow.com
troprockin.com,188.114.97.3_188.114.96.0_,1095,104.21.68.230,102.270842,0,200,https://troprockin.com
tokyoweekender.com,172.67.6.95_104.22.42.171_,1113,104.22.42.171,68.270125,1,200,https://tokyoweekender.com
girlsintech.org,34.82.75.169,4057,34.82.75.169,121.067512,1,403,https://girlsintech.org
airbnb.com,52.7.63.156,2217,52.7.63.156,3.5364,1,429,https://airbnb.com
supremenewyork.com,104.18.28.141,1206,104.18.28.141,101.395328,1,200,https://supremenewyork.com
pluralistic.net,145.239.67.120_51.77.117.40_,1095,145.239.67.120,56.376575,1,200,https://pluralistic.net
cartacapital.com.br,172.67.72.223,1449,104.26.8.183,144.408966,0,200,https://cartacapital.com.br
share.getcloudapp.com,54.86.94.226,3984,34.226.179.193,64.470825,0,403,https://share.getcloudapp.com
ing.nl,184.87.183.217_23.210.204.202_,6023,23.210.172.108,298.080695,0,error,
yourcloudlibrary.com,141.193.213.11,3968,141.193.213.10,7.329258,0,403,https://yourcloudlibrary.com
8408591.fls.doubleclick.net,172.217.25.166_142.250.207.102_,2747,142.250.70.38,57.977195,0,404,https://8408591.fls.doubleclick.net
theunion.org,45.11.218.99,3980,45.11.218.99,66.653521,1,200,https://theunion.org
joaoleitao.com,194.233.162.143,3328,194.233.162.143,242.567371,1,200,https://joaoleitao.com
thefinancialbrand.com,172.67.70.10_104.26.14.144_,1106,172.67.70.10,125.362505,1,403,https://thefinancialbrand.com
hallmarkchannel.com,54.67.19.76,3331,54.67.19.76,61.415658,1,200,https://hallmarkchannel.com
iba.dk,91.193.137.149,440,91.193.137.149,405.989916,1,200,https://iba.dk
kooriweb.org,69.163.183.120,4077,69.163.183.120,344.817639,1,200,https://kooriweb.org
skyrock.fm,91.203.187.103_91.203.187.39_,3379,91.203.187.13,295.215074,0,200,https://skyrock.fm
factzoo.com,67.20.76.214,1080,67.20.76.214,11.460323,1,406,https://factzoo.com
bugzilla.redhat.com,23.36.162.210_2.23.7.19_,1086,23.212.253.82,195.090715,0,200,https://bugzilla.redhat.com
11443212.fls.doubleclick.net,142.250.186.70,1100,142.250.70.38,64.240905,0,404,https://11443212.fls.doubleclick.net
en.uniview.com,120.53.71.88,1210,120.53.71.88,229.521566,1,200,http://en.uniview.com
cr.yp.to,131.193.32.108,1094,131.193.32.109,315.868299,0,200,https://cr.yp.to
miller-mccune.com,185.53.177.52,1105,185.53.177.52,103.699224,1,410,https://miller-mccune.com
g-ecx.images-amazon.com,13.225.77.160,1113,108.159.64.198,30.820565,0,400,https://g-ecx.images-amazon.com
9080544.fls.doubleclick.net,142.250.185.230,1196,142.250.70.38,63.873885,0,404,https://9080544.fls.doubleclick.net
slotmitosbet27.weebly.com,199.34.228.53,6025,199.34.228.53,3.43207,1,404,https://slotmitosbet27.weebly.com
heebmagazine.com,208.91.197.39,1122,208.91.197.39,317.483612,1,403,https://heebmagazine.com
news.wsu.edu,44.239.50.209,1088,44.239.50.209,422.804295,1,200,https://news.wsu.edu
markey.senate.gov,95.100.63.90_23.46.12.193_,1064,23.208.148.182,482.829267,0,200,https://markey.senate.gov
exame.com,179.191.169.113_179.191.169.73_,6042,186.195.65.65,372.239936,0,200,https://exame.com
getoutline.org,216.239.34.21,1100,216.239.32.21,140.436501,0,200,https://getoutline.org
przewodnicywedkarscy.pl,188.210.221.86,1079,188.210.221.86,188.86343,1,200,https://przewodnicywedkarscy.pl
developer.constantcontact.com,108.156.83.35,1608,65.9.112.46,6.852107,0,200,https://developer.constantcontact.com
lookfantastic.com,185.217.104.158,1092,34.102.170.44,186.595614,0,200,https://lookfantastic.com
simplemost.com,141.193.213.10_141.193.213.11_,2711,141.193.213.11,98.983411,1,403,https://simplemost.com
daba.gov.lv,212.70.163.179,1132,212.70.163.179,331.393286,1,error,
maliknaik.me,139.144.188.238,1106,139.144.188.238,329.821308,1,200,https://maliknaik.me
support.com,34.67.115.217,4045,34.67.115.217,4.070977,1,403,https://support.com
efta.int,54.228.196.38,1222,54.228.196.38,266.204817,1,200,https://efta.int
markus-lanthaler.com,188.114.96.3_188.114.97.3_,1096,104.21.63.120,104.307035,0,200,https://markus-lanthaler.com
conky.sourceforge.net,172.64.150.145,4013,172.64.150.145,11.511579,1,200,https://conky.sourceforge.net
wataugaonline.com,173.231.213.208,1065,173.231.213.208,450.329432,1,200,https://wataugaonline.com
12142664.fls.doubleclick.net,172.217.18.6_216.58.206.38_,1073,142.250.70.38,58.779837,0,404,https://12142664.fls.doubleclick.net
magazine.artland.com,104.22.5.116_104.22.4.116_172.67.22.61_,1086,172.67.22.61,9.011746,1,200,https://magazine.artland.com
fakty.com.ua,104.26.3.172_104.26.2.172_,1109,104.26.3.172,65.818993,1,403,https://fakty.com.ua
uk.businessinsider.com,151.101.1.171,2462,151.101.153.171,99.49111,0,200,https://uk.businessinsider.com
visitworldheritage.com,188.114.96.3,1095,104.21.66.171,70.612352,0,200,https://visitworldheritage.com
9849920.fls.doubleclick.net,172.217.18.6_216.58.206.38_,1071,142.250.70.38,59.60898,0,404,https://9849920.fls.doubleclick.net
graylog.org,172.66.43.180,1181,172.66.43.180,6.427347,1,200,https://graylog.org
userful.com,199.60.103.173,1075,199.60.103.73,297.692322,0,200,https://userful.com
nationalterroralert.com,159.223.147.46,4016,159.223.147.46,100.291442,1,200,https://nationalterroralert.com
laweekly.com,188.114.96.3,1173,104.21.34.175,101.788857,0,403,https://laweekly.com
hugoizarra.com,216.239.36.21,1163,216.239.32.21,62.03353,0,200,https://hugoizarra.com
techstars.com,54.239.168.105_54.239.168.12_,2699,108.159.61.60,67.746755,0,200,https://techstars.com
incubator.apache.org,151.101.2.132,1189,151.101.2.132,2.787287,1,200,https://incubator.apache.org
gamezone.com,172.66.40.114,1109,172.66.40.114,5.368372,1,403,https://gamezone.com
euroairport.com,212.234.22.7,3389,212.234.22.7,62.127402,1,200,https://euroairport.com
corsair.com,107.154.247.100_107.154.249.100_,3986,107.154.247.100,101.111669,1,200,https://corsair.com
cwi.nl,192.16.191.43,1073,192.16.191.43,363.356826,1,200,https://cwi.nl
matrix.to,104.21.2.132_172.67.129.62_,1084,172.67.129.62,61.66894,1,200,https://matrix.to
uni-ulm.de,134.60.1.22,1083,134.60.1.22,148.947697,1,200,https://uni-ulm.de
jonesday.com,23.100.43.208,5511,23.100.43.208,149.908337,1,403,https://jonesday.com
blogs.nature.com,35.234.135.3,2745,35.234.135.3,2.321718,1,403,https://blogs.nature.com
jupyter.org,185.199.109.153,1188,185.199.110.153,61.329516,0,200,https://jupyter.org
fangoria.com,172.67.73.2_104.26.14.56_,1086,104.26.14.56,99.204157,1,200,https://fangoria.com
twotwentyone.net,172.67.134.43,3995,104.21.6.18,103.588866,0,200,https://twotwentyone.net
gla.ac.uk,130.209.16.93,1066,130.209.16.93,367.868732,1,200,https://gla.ac.uk
adventure-journal.com,23.227.38.65,1197,23.227.38.65,64.095998,1,200,https://adventure-journal.com
namely.com,67.225.176.108,1110,67.225.176.108,54.81471,1,200,https://namely.com
productexperts.withgoogle.com,142.250.185.206,1080,142.250.192.142,65.405343,0,200,https://productexperts.withgoogle.com
kone.com,51.137.18.253,1206,51.137.18.253,28.695507,1,200,https://kone.com
fashiontv.com,174.138.126.24,1098,174.138.126.24,120.4025,1,200,https://fashiontv.com
fallmeeting.agu.org,3.228.71.230,3959,3.228.71.230,129.276124,1,200,https://fallmeeting.agu.org
livescribe.com,54.185.130.169,3295,54.149.136.46,59.858557,0,200,https://livescribe.com
8358039.fls.doubleclick.net,142.250.186.70,1094,142.250.70.38,64.677521,0,404,https://8358039.fls.doubleclick.net
boerse-frankfurt.de,82.97.136.101,1094,82.97.136.101,146.730557,1,200,https://boerse-frankfurt.de
dvf.com,23.227.38.65,1218,23.227.38.65,123.372235,1,200,https://dvf.com
11139322.fls.doubleclick.net,142.250.67.134_216.58.203.38_172.217.166.70_,3987,142.250.70.38,63.58409,0,404,https://11139322.fls.doubleclick.net
sintef.no,217.114.94.2,3323,217.114.94.2,217.369641,1,200,https://sintef.no
imaging.nikon.com,58.138.171.28,2739,58.138.171.28,509.088959,1,200,https://imaging.nikon.com
raicestexas.org,198.185.159.144,2694,198.185.159.144,135.947876,1,200,https://raicestexas.org
panelpicker.sxsw.com,18.233.116.205,2705,52.203.224.34,103.710353,0,200,https://panelpicker.sxsw.com
newinchess.com,49.12.165.174,2752,49.12.165.174,232.115437,1,200,https://newinchess.com
westerntelegraph.co.uk,93.174.10.103,3992,93.174.10.103,42.3436,1,200,https://westerntelegraph.co.uk
commerce.net,146.148.110.244,4013,146.148.110.244,355.577737,1,403,https://commerce.net
11560730.fls.doubleclick.net,142.250.185.230,1225,142.250.70.38,66.320099,0,404,https://11560730.fls.doubleclick.net
nepis.epa.gov,134.67.99.178,3303,134.67.99.178,203.351379,1,200,https://nepis.epa.gov
piriform.com,151.101.192.64,2483,151.101.0.64,3.593253,0,421,https://piriform.com
history.co.uk,151.101.130.216_151.101.66.216_151.101.2.216_,1087,151.101.2.216,24.498496,1,200,https://history.co.uk
gemalto.com,13.37.9.116,1076,13.37.9.116,127.187973,1,200,https://gemalto.com
science.apa.at,194.232.43.121,1087,194.232.43.121,299.746306,1,200,https://science.apa.at
reference.bahai.org,108.158.46.18,3990,108.158.46.18,66.265864,1,200,https://reference.bahai.org
welldoc.com,141.193.213.10,2700,141.193.213.10,100.140843,1,403,https://welldoc.com
manifesta10.org,134.209.93.128,1474,134.209.93.128,396.993649,1,200,http://manifesta10.org
gympass.com,108.139.182.58,3407,18.172.78.24,62.435127,0,200,https://gympass.com
garyjones.io,35.214.103.112,1085,35.214.103.112,178.858967,1,200,https://garyjones.io
cmich.edu,20.40.202.0,3316,20.40.202.0,362.377846,1,403,https://cmich.edu
fitsugar.com,35.168.234.93_18.206.3.190_,2690,54.164.232.202,119.900625,0,200,https://fitsugar.com
adways.com,213.186.33.5,1207,213.186.33.5,178.707318,1,200,http://adways.com
nasonline.org,216.235.194.195,3413,216.235.194.195,396.372236,1,200,https://nasonline.org
helicontech.com,104.21.87.88_172.67.169.46_,1100,172.67.169.46,64.886597,1,200,https://helicontech.com
parkwhiz.com,52.14.114.39,1183,52.14.114.39,7.317119,1,200,https://parkwhiz.com
ff2media.com,35.208.129.246,1176,35.208.129.246,351.974625,1,200,https://ff2media.com
montclair.edu,130.68.5.22,6021,130.68.5.22,312.761798,1,200,https://montclair.edu
palwatch.org,188.114.96.3,1203,172.67.184.115,58.369291,0,200,https://palwatch.org
trekbikes.com,52.167.31.57,1213,52.167.31.57,97.953301,1,403,https://trekbikes.com
nobroker.in,34.98.82.31,1085,34.98.82.31,2.272942,1,200,https://nobroker.in
hyperreal.org,209.237.226.92,3947,209.237.226.92,347.083454,1,200,https://hyperreal.org
ucr.edu,169.235.128.50,1091,169.235.128.50,152.712661,1,200,https://ucr.edu
siepr.stanford.edu,2.16.164.107_2.16.238.26_184.25.50.49_,1222,23.54.81.162,242.629636,0,200,https://siepr.stanford.edu
sallybeauty.com,104.18.125.228_104.18.124.228_,1086,104.18.124.228,8.038483,1,200,https://sallybeauty.com
relx.com,207.24.42.50,3982,207.24.42.50,156.666775,1,403,http://relx.com
coloradopolitics.com,188.114.96.0_188.114.96.3_188.114.97.3_,1091,104.21.82.194,132.573534,0,200,https://coloradopolitics.com
boatus.com,45.60.45.141,1087,45.60.45.141,283.158878,1,200,https://boatus.com
allstarpics.net,174.34.56.78,1074,174.34.56.78,218.748532,1,200,https://allstarpics.net
camgirlscammodels.blogspot.com,142.250.186.65,1087,216.58.203.1,65.954254,0,404,https://camgirlscammodels.blogspot.com
8254309.fls.doubleclick.net,142.250.76.134,2244,142.250.70.38,62.975563,0,404,https://8254309.fls.doubleclick.net
utswmed.org,40.122.75.249,1210,40.122.75.249,647.617336,1,200,https://utswmed.org
visitphoenix.com,34.74.254.27,1169,34.74.254.27,60.631591,1,200,https://visitphoenix.com
une.edu.au,43.245.43.58,3975,43.245.43.58,168.95208,1,200,https://une.edu.au
redhotchilipeppers.com,18.192.231.252_52.58.254.253_,1202,18.139.194.139,158.536444,0,200,https://redhotchilipeppers.com
laze.net,172.67.129.31,4003,172.67.129.31,127.274163,1,200,https://laze.net
8522958.fls.doubleclick.net,172.217.18.6_216.58.206.38_,1092,142.250.70.38,59.630077,0,404,https://8522958.fls.doubleclick.net
virtualglobetrotting.com,64.34.182.211,3355,64.34.182.211,6.039576,1,200,https://virtualglobetrotting.com
news.livedoor.com,147.92.146.246,1187,147.92.146.246,145.438761,1,403,https://news.livedoor.com
asa.scitation.org,20.85.172.21,3375,20.85.172.21,119.786873,1,403,https://asa.scitation.org
harrypotter.wikia.com,151.101.192.194_151.101.0.194_,1088,151.101.0.194,313.23461,1,200,https://harrypotter.wikia.com
slotmitosbet61.weebly.com,199.34.228.53,1203,199.34.228.53,3.913687,1,404,https://slotmitosbet61.weebly.com
skincancer.org,141.193.213.10,1112,141.193.213.10,190.287107,1,403,https://skincancer.org
ingenico.com,104.22.16.79,3970,104.22.17.79,231.302277,0,200,https://ingenico.com
communication.aver.com,18.245.31.8_18.245.31.31_18.245.31.44_,1075,18.66.41.47,102.50491,0,200,https://communication.aver.com
choosemyplate.gov,199.134.75.32,1625,199.134.75.32,800.10306,1,403,https://choosemyplate.gov
thesportster.com,34.203.187.62,2690,34.203.187.62,66.603426,1,error,
dmca.com,13.107.213.70,1088,13.107.213.70,63.948243,1,200,https://dmca.com
svgco.de,185.199.110.153_185.199.108.153_,2730,185.199.111.153,32.033167,0,200,https://svgco.de
prestoplayer.com,188.114.96.3,1122,172.67.212.112,133.20636,0,200,https://prestoplayer.com
csis-prod.s3.amazonaws.com,52.92.201.201_52.92.203.193_52.92.251.233_52.218.178.35_52.92.249.17_,1214,52.92.194.201,4.718011,0,403,https://csis-prod.s3.amazonaws.com
margriet.nl,23.213.161.201_23.213.161.216_,427,23.212.254.83,126.633299,0,200,https://margriet.nl
stackadapt.com,34.204.55.14,3986,34.204.55.14,2.856562,1,200,https://stackadapt.com
claremont.org,141.193.213.20,3988,141.193.213.20,114.80088,1,403,https://claremont.org
facs.nsw.gov.au,43.245.43.101,2456,43.245.43.101,315.939084,1,200,https://facs.nsw.gov.au
jps.auckland.ac.nz,130.216.156.250,3985,130.216.156.250,529.479217,1,error,
hal-lirmm.ccsd.cnrs.fr,193.48.96.10,2681,193.48.96.10,705.947786,1,200,https://hal-lirmm.ccsd.cnrs.fr
support.sugarcrm.com,108.138.7.87,1079,18.172.78.72,70.440643,0,200,https://support.sugarcrm.com
ethanzuckerman.com,130.211.117.171,1224,130.211.117.171,315.985992,1,403,https://ethanzuckerman.com
aau.at,143.205.180.80,1099,143.205.180.80,194.973949,1,200,https://aau.at
cojhtb.blogspot.com,142.250.186.65,1091,216.58.203.1,62.601255,0,200,https://cojhtb.blogspot.com
investors-corner.bnpparibas-am.com,23.11.206.83_2.17.100.168_,1104,23.212.254.18,179.02957,0,200,https://investors-corner.bnpparibas-am.com
useloom.com,18.65.148.59_18.65.148.76_,2723,18.66.41.114,70.578523,0,200,https://useloom.com
finance.people.com.cn,138.113.149.153,1161,163.171.206.52,865.501822,0,200,https://finance.people.com.cn
10630672.fls.doubleclick.net,142.251.132.6,4273,142.250.70.38,64.151176,0,404,https://10630672.fls.doubleclick.net
pem.org,159.203.157.86,1678,159.203.157.86,318.76359,1,200,https://pem.org
wowza.com,13.32.27.48_13.32.27.72_13.32.27.124_,1109,18.172.78.2,102.500722,0,200,https://wowza.com
avalon.law.yale.edu,52.177.206.73,1204,52.177.206.73,336.686925,1,200,https://avalon.law.yale.edu
docs.gitlab.com,35.185.44.232,1102,35.185.44.232,3.805701,1,200,https://docs.gitlab.com
digwp.com,69.16.192.217,3353,69.16.192.217,62.226741,1,200,https://digwp.com
dvdtalk.com,188.114.96.0_188.114.97.0_,1088,172.67.156.158,127.150561,0,200,https://dvdtalk.com
9161809.fls.doubleclick.net,142.250.186.70,1111,142.250.70.38,68.085185,0,404,https://9161809.fls.doubleclick.net
okcupid.com,104.18.119.19,1068,104.18.118.19,99.411062,0,200,https://okcupid.com
humanrightsfirst.org,141.193.213.21_141.193.213.20_,2220,141.193.213.20,145.547873,1,403,https://humanrightsfirst.org
wiki.nci.nih.gov,129.43.254.224,3959,129.43.254.224,203.112688,1,200,https://wiki.nci.nih.gov
airbnb.com.au,54.209.106.80_54.157.23.217_,1097,54.157.23.217,120.985269,1,429,https://airbnb.com.au
living.corriere.it,18.245.31.69_18.245.31.68_,1092,65.9.112.4,236.744396,0,200,https://living.corriere.it
pytorch.org,185.199.109.153,2698,185.199.110.153,185.401214,0,200,https://pytorch.org
scaquarium.org,141.193.213.20,1432,141.193.213.20,183.658945,1,403,https://scaquarium.org
travelnoire.com,34.98.96.93,1103,34.98.96.93,61.992508,1,500,https://travelnoire.com
eurovisionworld.com,188.114.96.3_188.114.97.3_,457,172.67.223.123,67.681832,0,200,https://eurovisionworld.com
10083182.fls.doubleclick.net,142.250.185.230,1385,142.250.70.38,58.658167,0,404,https://10083182.fls.doubleclick.net
realityblurb.com,104.26.8.51_104.26.9.51_,439,172.67.74.53,67.092907,0,200,https://realityblurb.com
theory.lcs.mit.edu,128.30.2.128,1409,128.30.2.128,222.160788,1,200,http://theory.lcs.mit.edu
bestfriends.org,151.101.2.133_151.101.130.133_,1094,151.101.194.133,129.905763,0,200,https://bestfriends.org
securelist.com,35.173.160.135,1114,35.173.160.135,215.836202,1,200,https://securelist.com
joker123-36.weebly.com,199.34.228.53,1110,199.34.228.54,3.606366,0,404,https://joker123-36.weebly.com
matrox.com,104.18.19.14_104.18.18.14_,1104,104.18.18.14,101.722755,1,200,https://matrox.com
womensmediacenter.com,104.207.230.167,1393,104.207.230.167,258.774896,1,200,https://womensmediacenter.com
justicepolicy.org,104.21.83.152_172.67.177.218_,2334,104.21.83.152,67.675783,1,200,https://justicepolicy.org
9507558.fls.doubleclick.net,142.250.185.230,1383,142.250.70.38,59.758124,0,404,https://9507558.fls.doubleclick.net
mobile.facebook.com,157.240.16.16,2091,31.13.79.18,4.845329,0,200,https://mobile.facebook.com
aima.cs.berkeley.edu,128.32.244.190,1106,128.32.244.190,4203.906511,1,200,https://aima.cs.berkeley.edu
11158111.fls.doubleclick.net,142.250.67.134_216.58.203.38_172.217.166.70_,2090,142.250.70.38,64.286214,0,404,https://11158111.fls.doubleclick.net
trimet.org,216.25.208.100,1095,216.25.208.100,418.425676,1,200,https://trimet.org
blog.kaspersky.com,34.233.9.163,2430,34.233.9.163,64.280109,1,200,https://blog.kaspersky.com
osu.edu,99.83.250.163_75.2.76.225_,2285,99.83.250.163,331.062789,1,200,https://osu.edu
ben.lobaugh.net,164.90.244.231,1071,164.90.244.231,152.010436,1,200,https://ben.lobaugh.net
vk.ovg.ox.ac.uk,79.125.14.100,2746,79.125.14.100,562.744351,1,200,https://vk.ovg.ox.ac.uk
phoca.cz,213.211.34.110,1108,213.211.34.110,316.681393,1,200,https://phoca.cz
youmightnotneedjquery.com,185.199.111.153_185.199.109.153_,2475,185.199.110.153,99.18418,0,200,https://youmightnotneedjquery.com
klasikhoca.com,89.252.183.67,2692,89.252.183.67,453.183296,1,200,https://klasikhoca.com
roomfordebate.blogs.nytimes.com,151.101.193.164,1494,151.101.153.164,5.017306,0,200,https://roomfordebate.blogs.nytimes.com
ipage.com,65.254.244.120,1079,65.254.244.120,4.073293,1,403,https://ipage.com
simplebits.com,173.201.254.84,2660,173.201.254.84,155.847969,1,200,https://simplebits.com
textfiles.com,208.86.224.90,5086,208.86.224.90,109.835376,1,200,http://textfiles.com
pagina12.com.ar,172.67.41.55,1183,104.22.70.126,6.633922,0,200,https://pagina12.com.ar
blog.openstreetmap.org,193.60.236.19,2711,193.60.236.19,5.850951,1,200,https://blog.openstreetmap.org
election.princeton.edu,140.180.220.33,1092,140.180.220.33,4.014308,1,200,https://election.princeton.edu
snobette.com,141.193.213.10_141.193.213.11_,1100,141.193.213.10,69.427995,1,403,https://snobette.com
edsm.net,95.217.192.241,3977,95.217.192.241,66.022155,1,200,https://edsm.net
sigmaxi.org,20.62.145.128,2677,20.62.145.128,301.925197,1,200,https://sigmaxi.org
footmercato.net,89.145.161.181,1089,34.175.221.210,104.78164,0,200,https://footmercato.net
neil.fraser.name,51.195.151.70,1071,51.195.151.70,449.192345,1,200,https://neil.fraser.name
ihop.com,104.16.135.231,2489,104.16.135.231,100.63048,1,403,https://ihop.com
trans-siberian.com,100.20.194.206_35.167.190.2_,3335,100.20.194.206,66.426211,1,200,https://trans-siberian.com
tcc.edu,164.106.55.207,3983,164.106.55.207,306.33988,1,200,https://tcc.edu
businesscloud.co.uk,104.26.1.97,1097,104.26.0.97,31.783135,0,200,https://businesscloud.co.uk
ediblebajaarizona.com,3.33.152.147,1129,15.197.142.173,117.693243,0,200,http://ediblebajaarizona.com
news4sanantonio.com,13.226.2.93,3995,13.226.2.58,126.948169,0,200,https://news4sanantonio.com
surveys.google.com,142.250.218.177,3341,172.217.160.177,2.653677,0,200,https://surveys.google.com
onthemedia.org,3.221.251.66_18.209.198.161_,3982,18.209.198.161,55.129758,1,200,https://onthemedia.org
soas.ac.uk,151.101.194.216_151.101.130.216_,1107,151.101.2.216,182.046533,0,200,https://soas.ac.uk
8188202.fls.doubleclick.net,142.250.185.230,1203,142.250.70.38,58.260217,0,404,https://8188202.fls.doubleclick.net
panda.org,3.126.201.134,3946,3.126.201.134,142.847445,1,200,https://panda.org
mmbr.asm.org,172.64.152.5,3365,172.64.152.5,677.642689,1,403,https://mmbr.asm.org
gosquared.com,35.175.25.114_54.236.108.105_3.218.116.71_,2714,35.175.25.114,68.344942,1,200,https://gosquared.com
10438618.fls.doubleclick.net,142.250.186.70,1066,142.250.70.38,63.228519,0,404,https://10438618.fls.doubleclick.net
openwebdocs.org,75.2.60.5,3987,75.2.60.5,234.296618,1,200,https://openwebdocs.org
geopoliticalmonitor.com,104.21.57.10_172.67.188.183_,1082,172.67.188.183,68.858443,1,200,https://geopoliticalmonitor.com
verywellhealth.com,151.101.2.137_151.101.66.137_,1207,151.101.66.137,2.546014,1,405,http://verywellhealth.com
civic.mit.edu,185.199.109.153_185.199.111.153_,1192,185.199.108.153,215.042178,0,200,https://civic.mit.edu
gamewright.com,104.21.71.187_172.67.148.18_,2690,104.21.71.187,100.802356,1,200,https://gamewright.com
ohioline.osu.edu,3.141.180.165_52.14.192.222_,3324,52.14.192.222,220.388072,1,200,https://ohioline.osu.edu
ohdear.app,217.19.225.103,1074,217.19.225.103,176.300368,1,200,https://ohdear.app
espn.com.au,18.245.31.65_18.245.31.63_,1064,18.66.41.57,33.534298,0,403,https://espn.com.au
textslashplain.com,192.0.78.25,3369,192.0.78.25,8.019325,1,200,https://textslashplain.com
code.jquery.com,151.101.2.137_151.101.66.137_,1190,151.101.194.137,3.439798,0,200,https://code.jquery.com
usccb.org,23.185.0.2,3975,23.185.0.2,347.969197,1,200,https://usccb.org
afrinik.com,104.21.72.170_172.67.187.35_,1088,104.21.72.170,76.920734,1,200,https://afrinik.com
erzat.blog,192.0.78.249,3988,192.0.78.249,32.186778,1,200,https://erzat.blog
mydomain.com,65.254.242.180,1207,65.254.242.180,2.635317,1,200,https://mydomain.com
aerobis.com,104.26.15.47,2718,172.67.72.229,102.949423,0,200,https://aerobis.com
linuxuser.co.uk,185.113.25.34,1159,185.113.25.34,24.272793,1,200,https://linuxuser.co.uk
historycommons.org,162.243.41.32,1226,162.243.41.32,127.086396,1,error,
dynamicdrive.com,199.167.201.199,1096,199.167.201.199,352.208024,1,200,https://dynamicdrive.com
hidabroot.org,66.22.84.27,1104,66.22.84.27,139.490162,1,403,https://hidabroot.org
hdsr.mitpress.mit.edu,54.91.6.89_34.201.80.84_54.196.16.164_,2694,34.201.80.84,380.919695,1,200,https://hdsr.mitpress.mit.edu
powerfortunes.com,172.67.210.171_104.21.66.253_,1609,104.21.66.253,9.012932,1,200,https://powerfortunes.com
publicaffairsbooks.com,192.0.66.2,3341,192.0.66.2,123.632116,1,200,https://publicaffairsbooks.com
thenewstribune.com,166.108.36.245,1088,166.108.36.245,540.013052,1,error,
